{
  "all gather": [
    [
      0.25,
      0.5,
      1.0,
      2.0,
      4.0,
      8.0,
      16.0,
      32.0,
      64.0,
      128.0,
      256.0,
      512.0
    ],
    [
      0.0009155988693237305,
      0.0010589122772216796,
      0.028707242012023924,
      0.00287930965423584,
      0.0031371116638183594,
      0.0029259920120239258,
      0.0041828155517578125,
      0.0043858766555786135,
      0.008846378326416016,
      0.017528533935546875,
      0.03494296073913574,
      0.06958968639373779
    ]
  ],
  "all reduce": [
    [
      0.25,
      0.5,
      1.0,
      2.0,
      4.0,
      8.0,
      16.0,
      32.0,
      64.0,
      128.0,
      256.0,
      512.0
    ],
    [
      0.002471637725830078,
      0.002575254440307617,
      0.0029477596282958983,
      0.0031890869140625,
      0.003382968902587891,
      0.004103994369506836,
      0.006979823112487793,
      0.007780337333679199,
      0.016342473030090333,
      0.03286123275756836,
      0.06492834091186524,
      0.12983222007751466
    ]
  ],
  "reduce scatter": [
    [
      0.25,
      0.5,
      1.0,
      2.0,
      4.0,
      8.0,
      16.0,
      32.0,
      64.0,
      128.0,
      256.0,
      512.0
    ],
    [
      0.0011284828186035156,
      0.0012109994888305664,
      0.0014327526092529296,
      0.0015158891677856446,
      0.002057337760925293,
      0.0019051790237426757,
      0.0027600765228271485,
      0.004447150230407715,
      0.008515238761901855,
      0.016722702980041505,
      0.033840370178222653,
      0.06780035495758056
    ]
  ],
  "all to all": [
    [
      0.25,
      0.5,
      1.0,
      2.0,
      4.0,
      8.0,
      16.0,
      32.0,
      64.0,
      128.0,
      256.0,
      512.0
    ],
    [
      0.0005376338958740234,
      0.0006364107131958008,
      0.002724289894104004,
      0.0034586906433105467,
      0.0033010244369506836,
      0.002441215515136719,
      0.002502131462097168,
      0.001558971405029297,
      0.0019901514053344725,
      0.0034349679946899412,
      0.006010746955871582,
      0.011351513862609863
    ]
  ]
}