{
  "all gather": [
    [
      0.25,
      0.5,
      1.0,
      2.0,
      4.0,
      8.0,
      16.0,
      32.0,
      64.0,
      128.0,
      256.0,
      512.0
    ],
    [
      0.00048122406005859377,
      0.0006083250045776367,
      0.0007961273193359375,
      0.0008209705352783203,
      0.0009469985961914062,
      0.0013914108276367188,
      0.002208566665649414,
      0.004321575164794922,
      0.008499574661254884,
      0.017136144638061523,
      0.057738304138183594,
      0.06714372634887696
    ]
  ],
  "all reduce": [
    [
      0.25,
      0.5,
      1.0,
      2.0,
      4.0,
      8.0,
      16.0,
      32.0,
      64.0,
      128.0,
      256.0,
      512.0
    ],
    [
      0.00030596256256103515,
      0.000472259521484375,
      0.0005362987518310547,
      0.0006624221801757813,
      0.0010110855102539063,
      0.0018373727798461914,
      0.003759884834289551,
      0.007758283615112304,
      0.01601881980895996,
      0.031575703620910646,
      0.06288332939147949,
      0.12426388263702393
    ]
  ],
  "reduce scatter": [
    [
      0.25,
      0.5,
      1.0,
      2.0,
      4.0,
      8.0,
      16.0,
      32.0,
      64.0,
      128.0,
      256.0,
      512.0
    ],
    [
      0.0006005525588989258,
      0.0006535053253173828,
      0.0006924152374267578,
      0.0007373332977294922,
      0.0009047269821166992,
      0.0014714717864990235,
      0.0021853923797607424,
      0.004209184646606445,
      0.008162713050842286,
      0.01626577377319336,
      0.032670331001281736,
      0.06543939113616944
    ]
  ],
  "all to all": [
    [
      0.25,
      0.5,
      1.0,
      2.0,
      4.0,
      8.0,
      16.0,
      32.0,
      64.0,
      128.0,
      256.0,
      512.0
    ],
    [
      0.0006272315979003907,
      0.0006078481674194336,
      0.0006128549575805664,
      0.0005918264389038086,
      0.0005987644195556641,
      0.0006222009658813476,
      0.0007950305938720703,
      0.001270127296447754,
      0.002341151237487793,
      0.004477858543395996,
      0.00834658145904541,
      0.01584756374359131
    ]
  ]
}