{
  "all gather": [
    [
      0.25,
      0.5,
      1.0,
      2.0,
      4.0,
      8.0,
      16.0,
      32.0,
      64.0,
      128.0,
      256.0,
      512.0
    ],
    [
      0.0002818584442138672,
      0.000330352783203125,
      0.0003202676773071289,
      0.0002447366714477539,
      0.0003063201904296875,
      0.000489187240600586,
      0.0008578300476074219,
      0.0015957117080688476,
      0.0030385255813598633,
      0.005951619148254395,
      0.011767387390136719,
      0.023537826538085938
    ]
  ],
  "all reduce": [
    [
      0.25,
      0.5,
      1.0,
      2.0,
      4.0,
      8.0,
      16.0,
      32.0,
      64.0,
      128.0,
      256.0,
      512.0
    ],
    [
      0.0001451730728149414,
      0.00015408992767333983,
      0.00018718242645263672,
      0.000252532958984375,
      0.0003814697265625,
      0.0006676435470581055,
      0.0012490510940551757,
      0.002493762969970703,
      0.004937219619750977,
      0.009805655479431153,
      0.019649386405944824,
      0.03900883197784424
    ]
  ],
  "reduce scatter": [
    [
      0.25,
      0.5,
      1.0,
      2.0,
      4.0,
      8.0,
      16.0,
      32.0,
      64.0,
      128.0,
      256.0,
      512.0
    ],
    [
      0.00028884410858154297,
      0.0002805233001708984,
      0.0003181934356689453,
      0.0003290653228759766,
      0.00038082599639892577,
      0.0005458593368530273,
      0.0008652448654174804,
      0.0015674591064453124,
      0.0033848047256469726,
      0.005940985679626465,
      0.011792206764221191,
      0.023517155647277833
    ]
  ],
  "all to all": [
    [
      0.25,
      0.5,
      1.0,
      2.0,
      4.0,
      8.0,
      16.0,
      32.0,
      64.0,
      128.0,
      256.0,
      512.0
    ],
    [
      0.00038728713989257815,
      0.000269317626953125,
      0.0002452850341796875,
      0.00023767948150634765,
      0.0002376556396484375,
      0.0002573490142822266,
      0.0003357410430908203,
      0.0004940986633300781,
      0.0008302688598632813,
      0.0015645503997802734,
      0.0030367136001586913,
      0.005966830253601074
    ]
  ]
}