{
  "all gather": [
    [
      0.25,
      0.5,
      1.0,
      2.0,
      4.0,
      8.0,
      16.0,
      32.0,
      64.0,
      128.0,
      256.0,
      512.0
    ],
    [
      0.0005353212356567383,
      0.0008503913879394532,
      0.002552628517150879,
      0.0005400896072387696,
      0.0006747722625732421,
      0.0007681846618652344,
      0.0012111425399780273,
      0.0022301435470581054,
      0.004448103904724121,
      0.008877110481262208,
      0.0178009033203125,
      0.035457301139831546
    ]
  ],
  "all reduce": [
    [
      0.25,
      0.5,
      1.0,
      2.0,
      4.0,
      8.0,
      16.0,
      32.0,
      64.0,
      128.0,
      256.0,
      512.0
    ],
    [
      0.00019712448120117186,
      0.00021986961364746095,
      0.00026285648345947266,
      0.0003529071807861328,
      0.0005562067031860352,
      0.0010324954986572266,
      0.002084231376647949,
      0.0041950464248657225,
      0.008329129219055176,
      0.016697382926940917,
      0.03351457118988037,
      0.06706500053405762
    ]
  ],
  "reduce scatter": [
    [
      0.25,
      0.5,
      1.0,
      2.0,
      4.0,
      8.0,
      16.0,
      32.0,
      64.0,
      128.0,
      256.0,
      512.0
    ],
    [
      0.00036835670471191406,
      0.0003904581069946289,
      0.00044522285461425783,
      0.0004443645477294922,
      0.0005432605743408203,
      0.0007654905319213867,
      0.0012616395950317382,
      0.0023344278335571287,
      0.004738736152648926,
      0.009465575218200684,
      0.018880152702331544,
      0.03776371479034424
    ]
  ],
  "all to all": [
    [
      0.25,
      0.5,
      1.0,
      2.0,
      4.0,
      8.0,
      16.0,
      32.0,
      64.0,
      128.0,
      256.0,
      512.0
    ],
    [
      0.0003529787063598633,
      0.0003143787384033203,
      0.0003023862838745117,
      0.0002991199493408203,
      0.0003452777862548828,
      0.00035409927368164064,
      0.0004643917083740234,
      0.0007926464080810547,
      0.0013051033020019531,
      0.0023236989974975584,
      0.0043942928314208984,
      0.009157562255859375
    ]
  ]
}