{
  "all gather": [
    [
      0.25,
      0.5,
      1.0,
      2.0,
      4.0,
      8.0,
      16.0,
      32.0,
      64.0,
      128.0,
      256.0,
      512.0
    ],
    [
      0.00021240711212158203,
      0.00021960735321044922,
      0.00024738311767578123,
      0.00019900798797607423,
      0.0002451658248901367,
      0.00040926933288574217,
      0.0006813526153564454,
      0.0012418270111083985,
      0.002359819412231445,
      0.004606175422668457,
      0.009068131446838379,
      0.018059635162353517
    ]
  ],
  "all reduce": [
    [
      0.25,
      0.5,
      1.0,
      2.0,
      4.0,
      8.0,
      16.0,
      32.0,
      64.0,
      128.0,
      256.0,
      512.0
    ],
    [
      0.00011155605316162109,
      0.0001277923583984375,
      0.00014600753784179687,
      0.00019443035125732422,
      0.00033824443817138673,
      0.0004966497421264648,
      0.0009123086929321289,
      0.0017751455307006836,
      0.0034926176071166993,
      0.006917381286621093,
      0.013770127296447754,
      0.027542853355407716
    ]
  ],
  "reduce scatter": [
    [
      0.25,
      0.5,
      1.0,
      2.0,
      4.0,
      8.0,
      16.0,
      32.0,
      64.0,
      128.0,
      256.0,
      512.0
    ],
    [
      0.00023956298828125,
      0.0002474069595336914,
      0.00023653507232666016,
      0.0002582073211669922,
      0.00031228065490722655,
      0.0004360675811767578,
      0.0006998777389526367,
      0.0012426376342773438,
      0.002381777763366699,
      0.0046962261199951175,
      0.009280633926391602,
      0.01847352981567383
    ]
  ],
  "all to all": [
    [
      0.25,
      0.5,
      1.0,
      2.0,
      4.0,
      8.0,
      16.0,
      32.0,
      64.0,
      128.0,
      256.0,
      512.0
    ],
    [
      0.000336456298828125,
      0.0002513885498046875,
      0.0002141237258911133,
      0.00020165443420410155,
      0.0002055644989013672,
      0.00025048255920410154,
      0.0003601551055908203,
      0.0005657434463500977,
      0.0010215044021606445,
      0.001995754241943359,
      0.0038622379302978515,
      0.007654500007629394
    ]
  ]
}